name,math,python,english
Максим Павленко,66,63,52
Ярослав Жук,46,89,39
Катерина Руденко,99,38,60
Степан Жук,88,63,92
Кирило Коваль,55,89,78
Катерина Петренко,48,46,83
Злата Сидоренко,68,40,93
Леонід Гончаренко,45,72,81
Степан Мельник,40,64,72
Віктор Руденко,47,83,70
Карина Назаренко,55,82,80
Вікторія Мельник,56,66,55
Вікторія Мороз,63,76,42
Софія Іванов,86,69,43
Галина Іванов,62,98,85
Микола Данилюк,53,68,52
Любов Жук,68,89,86
Марія Левченко,98,46,41
Олександр Олійник,89,43,84
Поліна Вовк,67,36,49
Валентин Павленко,78,49,72
Поліна Коваль,68,99,57
Богдан Клименко,99,60,54
Анна Жук,35,76,97
Уляна Назаренко,74,65,42
Галина Коваленко,45,97,43
Валентин Бойко,51,95,56
Злата Романюк,89,62,60
Назар Назаренко,91,92,50
Ірина Петренко,37,64,63
Марина Шевченко,64,43,39
Данило Левченко,65,70,97
Марія Швець,95,66,95
Іван Савченко,47,90,80
Поліна Шевченко,47,42,86
Кирило Савченко,66,59,59
Олександр Семенко,58,70,94
Уляна Мельник,91,47,41
Валентин Коваль,46,65,56
Вероніка Лисенко,86,42,56
Дарина Кузьменко,93,71,89
Остап Мороз,97,54,59
Софія Пилипенко,42,75,42
Вероніка Левченко,55,42,100
Анна Мельник,43,65,86
Лідія Швець,66,40,45
Галина Швець,75,68,61
Володимир Марченко,68,85,51
Сергій Данилюк,75,44,36
Галина Савченко,44,62,99
Уляна Сидоренко,43,66,82
Поліна Жук,73,36,73
Богдан Бойко,68,49,48
Олександр Павленко,71,61,78
Світлана Кузьменко,99,97,67
Віктор Шевченко,46,89,70
Тетяна Бойко,68,55,91
Роман Мороз,36,49,44
Степан Кравченко,39,82,53
Софія Клименко,81,40,80
Наталія Савченко,80,87,54
Андрій Олійник,57,87,38
Уляна Петренко,87,66,69
Марина Савченко,83,39,95
Карина Данилюк,79,74,64
Валентина Поліщук,86,77,70
Марко Павленко,79,100,86
Денис Жук,77,38,49
Віталій Шевчук,68,39,48
Тарас Іванов,90,100,49
Галина Поліщук,67,40,90
Уляна Жук,60,81,90
Валентина Петренко,75,50,73
Ярослав Романенко,76,86,72
Іван Романенко,83,57,73
Карина Коваль,73,71,61
Галина Романюк,76,94,91
Катерина Левченко,95,56,45
Валентина Кучер,77,46,65
Андрій Поліщук,53,38,40
Вероніка Кучер,44,93,88
Костянтин Поліщук,84,98,86
Світлана Коваль,48,89,63
Марина Вовк,94,41,66
Богдан Данилюк,52,94,75
Григорій Дяченко,99,89,92
Остап Остапенко,92,68,66
Віталій Вовк,97,65,70
Марина Гриценко,65,69,77
Любов Коваленко,52,54,64
Марія Лисенко,43,88,87
Поліна Романенко,42,61,88
Богдана Пилипенко,37,83,96
Христина Клименко,84,88,63
Вікторія Семенко,97,38,84
Валентина Захарченко,56,94,51
Валентин Бондар,85,38,45
Олександр Данилюк,58,41,68
Катерина Данилюк,76,78,83
Карина Романенко,67,45,95
Любов Шевченко,79,63,43
Микола Литвин,38,66,60
Євген Кравченко,65,51,95
Костянтин Лисенко,94,67,82
Лариса Ткаченко,55,74,48
Леонід Клименко,83,85,60
Марина Марченко,48,73,50
Костянтин Литвин,79,89,82
Світлана Петренко,36,88,97
Христина Данилюк,54,90,57
Микола Павленко,96,94,90
Костянтин Павленко,76,66,46
Поліна Марченко,94,83,78
Злата Іванов,58,97,62
Вікторія Петренко,70,70,36
Іван Коваленко,65,87,97
Андрій Остапенко,97,92,37
Наталія Захарченко,66,74,82
Яна Сидоренко,89,77,80
Віталій Клименко,67,64,50
Володимир Ткаченко,58,59,62
Віталій Пилипенко,71,47,59
Христина Шевчук,73,36,51
Софія Мороз,72,51,97
Олена Швець,71,95,96
Анна Шевченко,67,96,49
Назар Карпенко,44,41,54
Галина Клименко,45,66,50
Роман Романюк,63,83,92
Сергій Пилипенко,89,74,42
Остап Савченко,61,62,68
Дмитро Марченко,57,44,55
Поліна Романюк,95,72,39
Юрій Мельник,64,68,60
Любов Руденко,54,69,53
Анна Клименко,71,91,50
Оксана Захарченко,69,99,98
Лариса Литвин,90,76,67
Наталія Швець,37,69,40
Дмитро Остапенко,91,70,58
Роман Карпенко,46,95,79
Тетяна Савченко,55,77,87
Сергій Захарченко,39,93,46
Тетяна Ткаченко,86,100,35
Валентин Данилюк,87,41,59
Євген Карпенко,91,41,61
Марія Гриценко,91,97,50
Світлана Романюк,65,55,74
Валентин Романенко,46,63,49
Юлія Кравченко,98,72,100
Роман Остапенко,95,66,93
Назар Поліщук,100,52,43
Діана Романенко,78,99,69
Сергій Клименко,97,54,92
Тарас Петренко,83,93,76
Степан Марченко,84,64,87
Інна Остапенко,83,84,54
Софія Бойко,99,77,47
Юрій Савченко,93,36,53
Світлана Кравченко,44,95,68
Марина Захарченко,45,77,83
Микола Карпенко,39,43,65
Леонід Гриценко,64,46,90
Марко Савченко,91,56,73
Артем Іванов,42,72,80
Марія Марченко,87,58,56
Лариса Гончаренко,65,98,53
Валентина Коваль,94,71,55
Христина Пилипенко,73,89,67
Оксана Поліщук,84,96,48
Галина Сидоренко,72,72,37
Ярослав Захарченко,70,36,41
Остап Карпенко,71,64,80
Катерина Кучер,67,52,47
Поліна Литвин,81,51,46
Володимир Романенко,57,60,51
Григорій Назаренко,99,69,56
Карина Остапенко,72,78,49
Ірина Кравченко,63,85,81
Дарина Коваль,68,50,93
Інна Кузьменко,83,82,48
Павло Бондар,76,63,43
Юрій Клименко,87,49,52
Богдан Савченко,65,52,84
Валентина Жук,88,54,88
Денис Карпенко,87,70,39
Іван Дяченко,91,65,81
Валентина Назаренко,80,42,85
Юлія Данилюк,46,62,37
Тетяна Марченко,51,61,43
Валентин Лисенко,62,64,77
Кирило Романюк,35,70,53
Валентин Кузьменко,57,49,38
Христина Марченко,76,37,57
Марія Романенко,49,43,95
Христина Левченко,48,92,99
Леонід Вовк,73,93,38
Вероніка Захарченко,89,48,97
Володимир Романюк,53,43,51
Світлана Пилипенко,76,83,72
Лариса Семенко,47,49,62
Лідія Руденко,87,78,93
Інна Савченко,75,89,75
Тарас Кравченко,95,43,46
Данило Семенко,47,82,51
Костянтин Мороз,77,50,87
Валентина Семенко,41,71,74
Галина Левченко,62,54,96
Юлія Сидоренко,82,49,70
Кирило Семенко,38,69,38
Марина Клименко,78,79,35
Данило Кравченко,38,46,62
Поліна Петренко,55,82,74
Марко Швець,45,41,54
Лариса Шевченко,45,69,91
Павло Романюк,91,88,69
Яна Ткаченко,79,90,49
Валентина Пилипенко,97,74,40
Оксана Лисенко,52,67,72
Олена Карпенко,90,57,51
Марина Руденко,99,80,44
Інна Литвин,90,37,93
Віктор Іванов,89,86,88
Дарина Бондар,76,56,93
Леонід Назаренко,46,90,48
Галина Захарченко,45,85,74
Андрій Петренко,56,44,100
Руслан Левченко,59,79,79
Денис Кравченко,65,48,53
Анна Романюк,54,44,57
Галина Пилипенко,92,76,75
Ірина Остапенко,91,73,70
Тарас Левченко,44,74,94
Софія Назаренко,71,44,46
Руслан Гончаренко,94,40,92
Софія Дяченко,48,78,45
Дмитро Литвин,66,91,91
Євген Олійник,81,82,71
Богдана Петренко,41,77,43
Любов Гончаренко,71,67,54
Галина Кравченко,79,74,85
Марина Коваленко,74,83,77
Ярослав Вовк,46,89,100
Павло Поліщук,63,52,54
Злата Савченко,99,39,78
Євген Бойко,83,54,55
Марина Кучер,56,91,40
Валентина Марченко,91,71,92
Наталія Клименко,95,59,82
Костянтин Дяченко,94,71,83
Роман Олійник,60,52,67
Вероніка Назаренко,48,50,71
Анна Павленко,92,100,53
Данило Руденко,92,79,38
Дарина Левченко,82,65,84
Тарас Руденко,38,75,47
Микола Петренко,53,52,39
Олександр Остапенко,92,35,45
Катерина Кравченко,89,49,71
Юлія Шевченко,65,88,93
Карина Карпенко,37,100,65
Сергій Семенко,35,80,65
Дмитро Коваленко,81,43,99
Руслан Мороз,37,84,95
Дарина Назаренко,67,37,80
Тарас Марченко,48,77,52
Любов Петренко,57,94,96
Кирило Бойко,43,93,39
Софія Поліщук,40,75,74
Злата Шевченко,77,69,50
Роман Захарченко,91,84,78
Павло Карпенко,82,69,45
Денис Шевчук,72,76,48
Валентина Гриценко,74,92,89
Поліна Сидоренко,92,40,80
Роман Павленко,42,44,86
Діана Олійник,38,53,91
Ірина Марченко,81,81,84
Артем Романюк,54,92,82
Богдана Мельник,52,81,85
Вікторія Марченко,49,38,58
Дарина Мороз,50,68,68
Іван Кучер,71,97,60
Злата Мельник,92,57,91
Кирило Іванов,79,43,72
Віктор Олійник,57,81,100
Катерина Бойко,65,98,38
Галина Назаренко,94,51,46
Дарина Остапенко,87,87,44
Тетяна Мельник,92,94,79
Карина Мороз,58,51,90
Руслан Кравченко,73,56,55
Яна Гриценко,45,67,60
Оксана Кучер,46,99,56
Костянтин Кравченко,56,78,40
Максим Коваленко,40,68,61
Роман Кучер,38,98,72
Сергій Остапенко,66,86,73
Аліна Остапенко,94,61,78
Володимир Іванов,79,86,51
Наталія Данилюк,50,69,92
Дарина Кучер,88,66,55
Леонід Швець,75,59,55
Яна Данилюк,98,74,98
Наталія Лисенко,80,41,41
Лариса Остапенко,71,36,48
Лідія Кузьменко,81,86,81
Софія Швець,59,81,71
Яна Дяченко,70,50,51
Володимир Мороз,81,53,60
Назар Левченко,40,40,39
Тетяна Остапенко,93,54,100
Уляна Кучер,75,55,85
Остап Клименко,78,99,100
Степан Швець,73,95,37
Валентина Ткаченко,88,74,38
Остап Шевченко,96,56,83
Марина Ткаченко,59,37,91
Роман Левченко,95,42,52
Валентин Іванов,96,83,75
Юрій Жук,78,80,68
Іван Марченко,70,73,63
Сергій Гриценко,61,97,75
Любов Павленко,71,50,83
Назар Сидоренко,53,72,40
Поліна Кузьменко,96,62,60
Віталій Мороз,69,52,48
Костянтин Марченко,66,41,63
Артем Савченко,87,77,95
Богдана Бойко,35,55,87
Григорій Остапенко,96,60,71
Світлана Шевченко,46,64,39
Дмитро Романенко,57,39,85
Дмитро Гриценко,39,36,73
Богдан Петренко,71,93,98
Олександр Левченко,94,69,59
Володимир Олійник,93,67,58
Тетяна Гриценко,59,57,86
Руслан Іванов,46,86,47
Марія Остапенко,76,66,35
Наталія Дяченко,69,77,73
Костянтин Коваль,68,81,65
Григорій Клименко,50,72,82
Андрій Бойко,96,54,93
Євген Назаренко,88,95,62
Ярослав Романюк,45,92,81
Галина Ткаченко,42,99,60
Катерина Пилипенко,97,46,100
Софія Данилюк,51,100,88
Діана Клименко,37,85,67
Остап Лисенко,44,40,89
Ірина Жук,42,43,95
Аліна Шевчук,52,88,82
Назар Дяченко,83,83,45
Любов Захарченко,51,63,35
Валентин Семенко,83,64,66
Марія Павленко,59,49,39
Григорій Бондар,65,61,43
Степан Шевченко,66,40,86
Любов Лисенко,42,52,99
Андрій Швець,75,76,65
Марія Вовк,63,87,73
Любов Пилипенко,57,89,98
Христина Гончаренко,75,88,87
Дарина Шевчук,95,65,63
Марина Кравченко,94,42,87
Валентин Вовк,52,84,66
Тетяна Коваленко,92,82,46
Денис Поліщук,41,69,83
Євген Литвин,44,59,62
Злата Петренко,73,36,62
Остап Ткаченко,96,66,61
Наталія Мороз,76,71,83
Світлана Сидоренко,74,68,81
Павло Данилюк,47,95,75
Галина Руденко,53,37,68
Костянтин Пилипенко,88,72,54
Наталія Гончаренко,66,98,78
Інна Сидоренко,56,52,97
Лідія Жук,42,39,44
Ярослав Шевченко,35,87,52
Андрій Мельник,54,36,62
Тарас Шевченко,96,97,37
Любов Романенко,36,37,70
Сергій Бондар,99,90,57
Юлія Вовк,54,65,59
Віталій Сидоренко,69,85,45
Дарина Данилюк,66,63,73
Віктор Коваленко,39,46,86
Любов Остапенко,42,36,56
Злата Семенко,77,47,40
Софія Мельник,70,39,57
Володимир Бондар,61,53,85
Сергій Олійник,65,84,77
Інна Бойко,45,99,79
Аліна Руденко,44,78,85
Кирило Дяченко,97,64,80
Назар Семенко,58,83,45
Сергій Марченко,44,45,69
Володимир Назаренко,48,46,35
Юрій Назаренко,69,48,51
Аліна Дяченко,100,87,48
Христина Мороз,46,76,84
Аліна Гончаренко,45,66,56
Дмитро Бойко,69,73,69
Ірина Олійник,90,70,88
Діана Мельник,81,67,66
Олена Захарченко,77,83,77
Аліна Романюк,52,73,76
Степан Поліщук,96,75,57
Володимир Гриценко,97,66,76
Карина Захарченко,81,49,60
Валентин Шевчук,38,94,61
Оксана Мельник,87,98,52
Андрій Кузьменко,54,89,83
Валентин Левченко,88,39,81
Кирило Жук,45,48,66
Тарас Олійник,40,86,77
Роман Савченко,36,47,68
Інна Вовк,63,92,82
Олександр Сидоренко,38,96,48
Уляна Коваленко,49,53,79
Поліна Лисенко,96,79,95
Інна Дяченко,75,43,73
Валентин Олійник,77,89,94
Інна Кучер,60,92,89
Марина Лисенко,61,70,43
Тетяна Поліщук,93,49,68
Павло Вовк,75,84,85
Тарас Сидоренко,93,57,73
Костянтин Коваленко,52,75,50
Юлія Шевчук,82,53,100
Лариса Бойко,84,89,58
Любов Шевчук,56,97,71
Тетяна Дяченко,41,80,36
Катерина Гончаренко,99,98,87
Роман Дяченко,97,56,45
Кирило Руденко,72,39,70
Оксана Олійник,93,98,100
Юлія Павленко,81,40,91
Микола Марченко,73,39,92
Злата Коваленко,91,50,65
Інна Пилипенко,79,89,56
Кирило Лисенко,61,42,79
Євген Жук,56,76,72
Вікторія Левченко,47,52,87
Віталій Бойко,51,66,53
Денис Марченко,85,97,53
Віталій Романенко,83,92,44
Григорій Коваленко,86,100,70
Вероніка Іванов,35,46,93
Степан Сидоренко,43,85,62
Денис Лисенко,98,69,76
Костянтин Карпенко,78,41,40
Діана Данилюк,37,50,55
Олена Семенко,60,51,73
Уляна Павленко,46,81,67
Валентина Олійник,41,85,74
Марко Руденко,89,46,47
Вероніка Мельник,51,63,91
Марина Петренко,50,89,51
Діана Савченко,48,75,82
Олександр Гончаренко,52,53,43
Максим Кучер,56,91,79
Микола Кравченко,87,91,62
Юлія Бойко,50,84,79
Володимир Бойко,66,70,45
Лариса Романюк,71,38,73
Лариса Левченко,59,85,72
Кирило Марченко,98,84,49
Лідія Коваль,81,75,51
Карина Швець,88,81,57
Марко Мельник,37,43,36
Софія Шевченко,85,99,71
Руслан Романенко,89,86,45
Валентин Кучер,54,70,45
Яна Лисенко,54,76,85
Аліна Марченко,42,66,46
Артем Клименко,57,50,36
Степан Коваль,55,98,79
Кирило Кузьменко,56,82,51
Віктор Павленко,50,38,77
Марина Швець,44,98,93
Артем Карпенко,56,82,55
Юлія Швець,49,64,100
Злата Коваль,66,40,95
Уляна Кравченко,57,39,88
Наталія Романенко,75,69,44
Богдан Левченко,41,57,63
Артем Захарченко,43,94,71
Сергій Іванов,46,93,36
Оксана Швець,73,66,94
Вероніка Поліщук,66,54,35
Максим Руденко,79,36,77
Валентина Гончаренко,74,48,61
Андрій Романенко,97,42,53
Данило Литвин,64,87,82
Інна Коваленко,47,99,52
Назар Мельник,42,90,51
Вікторія Іванов,85,76,75
Наталія Мельник,60,52,48
Анна Дяченко,94,75,87
Христина Лисенко,92,74,94
Юлія Коваленко,55,73,40
Оксана Кузьменко,57,38,86
Валентин Мороз,66,47,94
Діана Бойко,50,36,42
Микола Коваленко,68,44,37
Данило Петренко,50,40,94
Уляна Швець,90,85,98
Катерина Шевчук,70,70,92
Артем Кучер,66,72,98
Вікторія Гончаренко,52,88,60
Кирило Вовк,66,37,83
Тарас Остапенко,97,79,99
Вікторія Шевчук,38,75,63
Діана Павленко,42,95,80
Карина Шевченко,63,84,80
Віктор Шевчук,57,65,75
Максим Сидоренко,53,59,98
Дмитро Карпенко,39,46,42
Наталія Бондар,96,35,77
Іван Бойко,78,57,76
Марія Пилипенко,53,49,81
Тарас Захарченко,47,78,73
Анна Семенко,97,75,57
Андрій Пилипенко,57,83,74
Сергій Бойко,57,35,85
Лариса Іванов,63,48,98
Інна Мельник,65,79,75
Лідія Коваленко,77,92,36
Артем Гончаренко,91,88,56
Павло Гончаренко,79,83,47
Кирило Швець,63,55,92
Злата Литвин,72,37,75
Юлія Мельник,78,56,83
Ірина Мороз,46,78,96
Тетяна Лисенко,59,87,68
Дарина Швець,97,54,41
Аліна Коваленко,72,96,60
Катерина Олійник,72,45,95
Лідія Гончаренко,82,58,92
Поліна Данилюк,68,63,69
Олександр Савченко,45,79,87
Костянтин Руденко,42,84,88
Ярослав Остапенко,65,95,73
Лідія Литвин,99,53,50
Юрій Шевчук,56,62,59
Роман Поліщук,53,68,75
Леонід Мельник,46,84,85
Леонід Коваль,88,49,88
Богдан Гриценко,79,87,68
Вероніка Швець,95,39,57
Марія Кучер,86,39,85
Вероніка Павленко,82,37,78
Вероніка Савченко,64,52,73
Юрій Іванов,69,88,46
Катерина Романенко,97,82,42
Дмитро Мельник,74,99,86
Злата Вовк,38,57,59
